{
	"folders": {},
	"connections": {
		"mysql8-19967d159d6-36b869df2d4c2f2f": {
			"provider": "mysql",
			"driver": "mysql8",
			"name": "localhost",
			"save-password": true,
			"show-system-objects": true,
			"show-util-objects": true,
			"configuration": {
				"host": "localhost",
				"port": "3306",
				"url": "jdbc:mysql://localhost:3306/",
				"configurationType": "MANUAL",
				"home": "mysql_client",
				"type": "dev",
				"closeIdleConnection": true,
				"properties": {
					"connectTimeout": "20000",
					"rewriteBatchedStatements": "true",
					"enabledTLSProtocols": "TLSv1,TLSv1.1,TLSv1.2,TLSv1.3",
					"allowPublicKeyRetrieval": "TRUE"
				},
				"auth-model": "native"
			}
		},
		"mysql8-1997ae6dc7c-1729b13aaa2c967d": {
			"provider": "mysql",
			"driver": "mysql8",
			"name": "localhost 2",
			"save-password": true,
			"show-system-objects": true,
			"show-util-objects": true,
			"configuration": {
				"host": "localhost",
				"port": "3306",
				"url": "jdbc:mysql://localhost:3306/",
				"configurationType": "MANUAL",
				"type": "dev",
				"closeIdleConnection": true,
				"properties": {
					"connectTimeout": "20000",
					"rewriteBatchedStatements": "true",
					"enabledTLSProtocols": "TLSv1,TLSv1.1,TLSv1.2,TLSv1.3",
					"allowPublicKeyRetrieval": "TRUE"
				},
				"auth-model": "native"
			}
		}
	},
	"connection-types": {
		"dev": {
			"name": "Development",
			"color": "255,255,255",
			"description": "通常の開発データベース",
			"auto-commit": true,
			"confirm-execute": false,
			"confirm-data-change": false,
			"smart-commit": false,
			"smart-commit-recover": true,
			"auto-close-transactions": true,
			"close-transactions-period": 1800,
			"auto-close-connections": true,
			"close-connections-period": 14400
		}
	}
}